1950,Getreide insgesamt (einschl. K�rnermais und CCM),10275753
1950,Getreide (ohne K�rnermais und CCM),10258531
1950,Brotgetreide,5832024
1950,Weizen,2626598
1950,Weichweizen,0
1950,Winterweizen,2477847
1950,Sommerweizen,148751
1950,Hartweizen (Durum),0
1950,Roggen,3047005
1950,Wintermenggetreide,158421
1950,Futter- und Industriegetreide,4426507
1950,Gerste,1478333
1950,Wintergerste,358589
1950,Sommergerste,1119744
1950,Hafer,2567790
1950,Sommermenggetreide,380384
1950,Triticale,0
1950,K�rnermais (einschl. CCM),17222
1950,Futtererbsen,0
1950,Ackerbohnen,42190
1950,Lupinen,0
1950,Kartoffeln,28194108
1950,Fr�he Speisekartoffeln,1590053
1950,Mittelfr�he und sp�te Kartoffeln,26604055
1950,Zuckerr�ben,6981348
1950,Runkelr�ben,26647558
1950,Raps und R�bsen,80717
1950,Winterraps,71337
1950,Sommerraps. Winter- und Sommerr�bsen,9369
1950,K�rnersonnenblumen,0
1950,Raufutter,22280927
1950,Klee. Kleegras und Klee-Luzerne-Gemisch,5228268
1950,Luzerne,0
1950,Feldgras/Grasanbau auf dem Ackerland,726700
1950,Silomais (einschl. Lieschkolbenschrot),1628111
1950,Wiesen und M�hweiden,16325959
1950,Wiesen,0
1950,M�hweiden,0
1951,Getreide insgesamt (einschl. K�rnermais und CCM),11255109
1951,Getreide (ohne K�rnermais und CCM),11234082
1951,Brotgetreide,6189463
1951,Weizen,2965475
1951,Weichweizen,0
1951,Winterweizen,2751223
1951,Sommerweizen,214252
1951,Hartweizen (Durum),0
1951,Roggen,3060560
1951,Wintermenggetreide,163428
1951,Futter- und Industriegetreide,5044619
1951,Gerste,1694480
1951,Wintergerste,426189
1951,Sommergerste,1268291
1951,Hafer,2863748
1951,Sommermenggetreide,486391
1951,Triticale,0
1951,K�rnermais (einschl. CCM),21027
1951,Futtererbsen,0
1951,Ackerbohnen,40157
1951,Lupinen,0
1951,Kartoffeln,24330307
1951,Fr�he Speisekartoffeln,1207861
1951,Mittelfr�he und sp�te Kartoffeln,23122446
1951,Zuckerr�ben,7293066
1951,Runkelr�ben,23764546
1951,Raps und R�bsen,86350
1951,Winterraps,73989
1951,Sommerraps. Winter- und Sommerr�bsen,12349
1951,K�rnersonnenblumen,0
1951,Raufutter,27461730
1951,Klee. Kleegras und Klee-Luzerne-Gemisch,6878062
1951,Luzerne,0
1951,Feldgras/Grasanbau auf dem Ackerland,830104
1951,Silomais (einschl. Lieschkolbenschrot),1518316
1951,Wiesen und M�hweiden,19753564
1951,Wiesen,0
1951,M�hweiden,0
1952,Getreide insgesamt (einschl. K�rnermais und CCM),11562622
1952,Getreide (ohne K�rnermais und CCM),11546065
1952,Brotgetreide,6629199
1952,Weizen,3312897
1952,Weichweizen,0
1952,Winterweizen,3162815
1952,Sommerweizen,150082
1952,Hartweizen (Durum),0
1952,Roggen,3143020
1952,Wintermenggetreide,173282
1952,Futter- und Industriegetreide,4916866
1952,Gerste,1763110
1952,Wintergerste,494098
1952,Sommergerste,1269012
1952,Hafer,2639414
1952,Sommermenggetreide,514342
1952,Triticale,0
1952,K�rnermais (einschl. CCM),16557
1952,Futtererbsen,0
1952,Ackerbohnen,33921
1952,Lupinen,0
1952,Kartoffeln,24069653
1952,Fr�he Speisekartoffeln,1036394
1952,Mittelfr�he und sp�te Kartoffeln,23033259
1952,Zuckerr�ben,6847630
1952,Runkelr�ben,18629221
1952,Raps und R�bsen,56087
1952,Winterraps,49731
1952,Sommerraps. Winter- und Sommerr�bsen,6356
1952,K�rnersonnenblumen,0
1952,Raufutter,22102986
1952,Klee. Kleegras und Klee-Luzerne-Gemisch,5070832
1952,Luzerne,0
1952,Feldgras/Grasanbau auf dem Ackerland,689387
1952,Silomais (einschl. Lieschkolbenschrot),899118
1952,Wiesen und M�hweiden,16342767
1952,Wiesen,0
1952,M�hweiden,0
1953,Getreide insgesamt (einschl. K�rnermais und CCM),12021445
1953,Getreide (ohne K�rnermais und CCM),12001626
1953,Brotgetreide,6676484
1953,Weizen,3197276
1953,Weichweizen,0
1953,Winterweizen,2817108
1953,Sommerweizen,380168
1953,Hartweizen (Durum),0
1953,Roggen,3299468
1953,Wintermenggetreide,179740
1953,Futter- und Industriegetreide,5325142
1953,Gerste,2077727
1953,Wintergerste,535985
1953,Sommergerste,1541742
1953,Hafer,2578517
1953,Sommermenggetreide,668898
1953,Triticale,0
1953,K�rnermais (einschl. CCM),19819
1953,Futtererbsen,0
1953,Ackerbohnen,36298
1953,Lupinen,0
1953,Kartoffeln,24786716
1953,Fr�he Speisekartoffeln,1059393
1953,Mittelfr�he und sp�te Kartoffeln,23727323
1953,Zuckerr�ben,8424923
1953,Runkelr�ben,23573364
1953,Raps und R�bsen,31679
1953,Winterraps,26610
1953,Sommerraps. Winter- und Sommerr�bsen,5069
1953,K�rnersonnenblumen,0
1953,Raufutter,25139184
1953,Klee. Kleegras und Klee-Luzerne-Gemisch,5310571
1953,Luzerne,0
1953,Feldgras/Grasanbau auf dem Ackerland,842154
1953,Silomais (einschl. Lieschkolbenschrot),1474114
1953,Wiesen und M�hweiden,18986459
1953,Wiesen,0
1953,M�hweiden,0
1954,Getreide insgesamt (einschl. K�rnermais und CCM),12673168
1954,Getreide (ohne K�rnermais und CCM),12652685
1954,Brotgetreide,7218089
1954,Weizen,2914412
1954,Weichweizen,0
1954,Winterweizen,2375605
1954,Sommerweizen,538807
1954,Hartweizen (Durum),0
1954,Roggen,4124841
1954,Wintermenggetreide,178836
1954,Futter- und Industriegetreide,5434596
1954,Gerste,1926056
1954,Wintergerste,175390
1954,Sommergerste,1750666
1954,Hafer,2497907
1954,Sommermenggetreide,1010633
1954,Triticale,0
1954,K�rnermais (einschl. CCM),20483
1954,Futtererbsen,0
1954,Ackerbohnen,31916
1954,Lupinen,0
1954,Kartoffeln,27066702
1954,Fr�he Speisekartoffeln,1206258
1954,Mittelfr�he und sp�te Kartoffeln,25860444
1954,Zuckerr�ben,9015145
1954,Runkelr�ben,23060764
1954,Raps und R�bsen,15413
1954,Winterraps,10679
1954,Sommerraps. Winter- und Sommerr�bsen,4734
1954,K�rnersonnenblumen,0
1954,Raufutter,24289987
1954,Klee. Kleegras und Klee-Luzerne-Gemisch,5276289
1954,Luzerne,0
1954,Feldgras/Grasanbau auf dem Ackerland,733594
1954,Silomais (einschl. Lieschkolbenschrot),1689544
1954,Wiesen und M�hweiden,18280104
1954,Wiesen,0
1954,M�hweiden,0
1955,Getreide insgesamt (einschl. K�rnermais und CCM),12565570
1955,Getreide (ohne K�rnermais und CCM),12545309
1955,Brotgetreide,7088009
1955,Weizen,3401533
1955,Weichweizen,0
1955,Winterweizen,2972310
1955,Sommerweizen,429223
1955,Hartweizen (Durum),0
1955,Roggen,3519528
1955,Wintermenggetreide,166948
1955,Futter- und Industriegetreide,5457300
1955,Gerste,2085858
1955,Wintergerste,460214
1955,Sommergerste,1625644
1955,Hafer,2504514
1955,Sommermenggetreide,866928
1955,Triticale,0
1955,K�rnermais (einschl. CCM),20261
1955,Futtererbsen,0
1955,Ackerbohnen,34155
1955,Lupinen,0
1955,Kartoffeln,23094119
1955,Fr�he Speisekartoffeln,995747
1955,Mittelfr�he und sp�te Kartoffeln,22098372
1955,Zuckerr�ben,8937818
1955,Runkelr�ben,24318533
1955,Raps und R�bsen,21061
1955,Winterraps,12437
1955,Sommerraps. Winter- und Sommerr�bsen,8624
1955,K�rnersonnenblumen,0
1955,Raufutter,26673387
1955,Klee. Kleegras und Klee-Luzerne-Gemisch,5757381
1955,Luzerne,0
1955,Feldgras/Grasanbau auf dem Ackerland,726853
1955,Silomais (einschl. Lieschkolbenschrot),1731261
1955,Wiesen und M�hweiden,20189153
1955,Wiesen,0
1955,M�hweiden,0
1956,Getreide insgesamt (einschl. K�rnermais und CCM),13208162
1956,Getreide (ohne K�rnermais und CCM),13187758
1956,Brotgetreide,7404061
1956,Weizen,3490595
1956,Weichweizen,0
1956,Winterweizen,3069244
1956,Sommerweizen,421351
1956,Hartweizen (Durum),0
1956,Roggen,3750540
1956,Wintermenggetreide,162926
1956,Futter- und Industriegetreide,5783697
1956,Gerste,2326431
1956,Wintergerste,429338
1956,Sommergerste,1897093
1956,Hafer,2485715
1956,Sommermenggetreide,971551
1956,Triticale,0
1956,K�rnermais (einschl. CCM),20404
1956,Futtererbsen,0
1956,Ackerbohnen,33315
1956,Lupinen,0
1956,Kartoffeln,27013722
1956,Fr�he Speisekartoffeln,1149258
1956,Mittelfr�he und sp�te Kartoffeln,25864464
1956,Zuckerr�ben,8348329
1956,Runkelr�ben,20958223
1956,Raps und R�bsen,38950
1956,Winterraps,27006
1956,Sommerraps. Winter- und Sommerr�bsen,11944
1956,K�rnersonnenblumen,0
1956,Raufutter,25279740
1956,Klee. Kleegras und Klee-Luzerne-Gemisch,4683002
1956,Luzerne,0
1956,Feldgras/Grasanbau auf dem Ackerland,773949
1956,Silomais (einschl. Lieschkolbenschrot),1701251
1956,Wiesen und M�hweiden,19822789
1956,Wiesen,0
1956,M�hweiden,0
1957,Getreide insgesamt (einschl. K�rnermais und CCM),13570271
1957,Getreide (ohne K�rnermais und CCM),13554281
1957,Brotgetreide,7890896
1957,Weizen,3869709
1957,Weichweizen,0
1957,Winterweizen,3439430
1957,Sommerweizen,430279
1957,Hartweizen (Durum),0
1957,Roggen,3840337
1957,Wintermenggetreide,180850
1957,Futter- und Industriegetreide,5663385
1957,Gerste,2513552
1957,Wintergerste,637258
1957,Sommergerste,1876294
1957,Hafer,2250279
1957,Sommermenggetreide,899554
1957,Triticale,0
1957,K�rnermais (einschl. CCM),15990
1957,Futtererbsen,0
1957,Ackerbohnen,30358
1957,Lupinen,0
1957,Kartoffeln,26501510
1957,Fr�he Speisekartoffeln,989158
1957,Mittelfr�he und sp�te Kartoffeln,25512352
1957,Zuckerr�ben,9691763
1957,Runkelr�ben,22427634
1957,Raps und R�bsen,67603
1957,Winterraps,47269
1957,Sommerraps. Winter- und Sommerr�bsen,20334
1957,K�rnersonnenblumen,0
1957,Raufutter,25395100
1957,Klee. Kleegras und Klee-Luzerne-Gemisch,4817540
1957,Luzerne,0
1957,Feldgras/Grasanbau auf dem Ackerland,814780
1957,Silomais (einschl. Lieschkolbenschrot),1637000
1957,Wiesen und M�hweiden,19762780
1957,Wiesen,0
1957,M�hweiden,0
1958,Getreide insgesamt (einschl. K�rnermais und CCM),13169882
1958,Getreide (ohne K�rnermais und CCM),13156989
1958,Brotgetreide,7664049
1958,Weizen,3720684
1958,Weichweizen,0
1958,Winterweizen,3429322
1958,Sommerweizen,291362
1958,Hartweizen (Durum),0
1958,Roggen,3751420
1958,Wintermenggetreide,191945
1958,Futter- und Industriegetreide,5492940
1958,Gerste,2423327
1958,Wintergerste,631771
1958,Sommergerste,1791556
1958,Hafer,2171955
1958,Sommermenggetreide,897658
1958,Triticale,0
1958,K�rnermais (einschl. CCM),12893
1958,Futtererbsen,0
1958,Ackerbohnen,27449
1958,Lupinen,0
1958,Kartoffeln,22868412
1958,Fr�he Speisekartoffeln,962856
1958,Mittelfr�he und sp�te Kartoffeln,21905556
1958,Zuckerr�ben,11236773
1958,Runkelr�ben,24084871
1958,Raps und R�bsen,57722
1958,Winterraps,44620
1958,Sommerraps. Winter- und Sommerr�bsen,13102
1958,K�rnersonnenblumen,0
1958,Raufutter,27219370
1958,Klee. Kleegras und Klee-Luzerne-Gemisch,4919483
1958,Luzerne,0
1958,Feldgras/Grasanbau auf dem Ackerland,968176
1958,Silomais (einschl. Lieschkolbenschrot),1735039
1958,Wiesen und M�hweiden,21331711
1958,Wiesen,0
1958,M�hweiden,0
1959,Getreide insgesamt (einschl. K�rnermais und CCM),14409567
1959,Getreide (ohne K�rnermais und CCM),14396381
1959,Brotgetreide,8612927
1959,Weizen,4522459
1959,Weichweizen,0
1959,Winterweizen,4146622
1959,Sommerweizen,375837
1959,Hartweizen (Durum),0
1959,Roggen,3887198
1959,Wintermenggetreide,203270
1959,Futter- und Industriegetreide,5783454
1959,Gerste,2843144
1959,Wintergerste,856938
1959,Sommergerste,1986206
1959,Hafer,2038937
1959,Sommermenggetreide,901373
1959,Triticale,0
1959,K�rnermais (einschl. CCM),13186
1959,Futtererbsen,0
1959,Ackerbohnen,21422
1959,Lupinen,0
1959,Kartoffeln,22719950
1959,Fr�he Speisekartoffeln,821519
1959,Mittelfr�he und sp�te Kartoffeln,21898431
1959,Zuckerr�ben,8169350
1959,Runkelr�ben,15037498
1959,Raps und R�bsen,58889
1959,Winterraps,46683
1959,Sommerraps. Winter- und Sommerr�bsen,12206
1959,K�rnersonnenblumen,0
1959,Raufutter,22948086
1959,Klee. Kleegras und Klee-Luzerne-Gemisch,4171748
1959,Luzerne,0
1959,Feldgras/Grasanbau auf dem Ackerland,848222
1959,Silomais (einschl. Lieschkolbenschrot),1179620
1959,Wiesen und M�hweiden,17928116
1959,Wiesen,0
1959,M�hweiden,0
1960,Getreide insgesamt (einschl. K�rnermais und CCM),15531295
1960,Getreide (ohne K�rnermais und CCM),15511728
1960,Brotgetreide,9015556
1960,Weizen,4964885
1960,Weichweizen,0
1960,Winterweizen,4631494
1960,Sommerweizen,333391
1960,Hartweizen (Durum),0
1960,Roggen,3797890
1960,Wintermenggetreide,252781
1960,Futter- und Industriegetreide,6496172
1960,Gerste,3221208
1960,Wintergerste,953142
1960,Sommergerste,2268066
1960,Hafer,2178582
1960,Sommermenggetreide,1096382
1960,Triticale,0
1960,K�rnermais (einschl. CCM),19567
1960,Futtererbsen,0
1960,Ackerbohnen,24696
1960,Lupinen,0
1960,Kartoffeln,24558918
1960,Fr�he Speisekartoffeln,1027021
1960,Mittelfr�he und sp�te Kartoffeln,23531897
1960,Zuckerr�ben,12324795
1960,Runkelr�ben,25293978
1960,Raps und R�bsen,69285
1960,Winterraps,57139
1960,Sommerraps. Winter- und Sommerr�bsen,12146
1960,K�rnersonnenblumen,0
1960,Raufutter,26380089
1960,Klee. Kleegras und Klee-Luzerne-Gemisch,4522540
1960,Luzerne,0
1960,Feldgras/Grasanbau auf dem Ackerland,903115
1960,Silomais (einschl. Lieschkolbenschrot),1834434
1960,Wiesen und M�hweiden,20954434
1960,Wiesen,0
1960,M�hweiden,0
1961,Getreide insgesamt (einschl. K�rnermais und CCM),12414708
1961,Getreide (ohne K�rnermais und CCM),12391488
1961,Brotgetreide,6703408
1961,Weizen,4038491
1961,Weichweizen,0
1961,Winterweizen,3501718
1961,Sommerweizen,536773
1961,Hartweizen (Durum),0
1961,Roggen,2514558
1961,Wintermenggetreide,150359
1961,Futter- und Industriegetreide,5688080
1961,Gerste,2722496
1961,Wintergerste,859456
1961,Sommergerste,1863040
1961,Hafer,1912907
1961,Sommermenggetreide,1052677
1961,Triticale,0
1961,K�rnermais (einschl. CCM),23220
1961,Futtererbsen,0
1961,Ackerbohnen,34310
1961,Lupinen,0
1961,Kartoffeln,21515630
1961,Fr�he Speisekartoffeln,924440
1961,Mittelfr�he und sp�te Kartoffeln,20591190
1961,Zuckerr�ben,9253405
1961,Runkelr�ben,21888273
1961,Raps und R�bsen,74413
1961,Winterraps,57249
1961,Sommerraps. Winter- und Sommerr�bsen,17164
1961,K�rnersonnenblumen,0
1961,Raufutter,28313821
1961,Klee. Kleegras und Klee-Luzerne-Gemisch,4932722
1961,Luzerne,0
1961,Feldgras/Grasanbau auf dem Ackerland,1111677
1961,Silomais (einschl. Lieschkolbenschrot),1471808
1961,Wiesen und M�hweiden,22269422
1961,Wiesen,0
1961,M�hweiden,0
1962,Getreide insgesamt (einschl. K�rnermais und CCM),15230553
1962,Getreide (ohne K�rnermais und CCM),15187827
1962,Brotgetreide,7720932
1962,Weizen,4591519
1962,Weichweizen,0
1962,Winterweizen,3683874
1962,Sommerweizen,907645
1962,Hartweizen (Durum),0
1962,Roggen,2965577
1962,Wintermenggetreide,163836
1962,Futter- und Industriegetreide,7466895
1962,Gerste,3744287
1962,Wintergerste,863791
1962,Sommergerste,2880496
1962,Hafer,2332906
1962,Sommermenggetreide,1389702
1962,Triticale,0
1962,K�rnermais (einschl. CCM),42726
1962,Futtererbsen,0
1962,Ackerbohnen,45788
1962,Lupinen,0
1962,Kartoffeln,25103600
1962,Fr�he Speisekartoffeln,1021713
1962,Mittelfr�he und sp�te Kartoffeln,24081887
1962,Zuckerr�ben,9524917
1962,Runkelr�ben,19341820
1962,Raps und R�bsen,115325
1962,Winterraps,97962
1962,Sommerraps. Winter- und Sommerr�bsen,17363
1962,K�rnersonnenblumen,0
1962,Raufutter,24196780
1962,Klee. Kleegras und Klee-Luzerne-Gemisch,3681896
1962,Luzerne,0
1962,Feldgras/Grasanbau auf dem Ackerland,937126
1962,Silomais (einschl. Lieschkolbenschrot),1851676
1962,Wiesen und M�hweiden,19577758
1962,Wiesen,0
1962,M�hweiden,0
1963,Getreide insgesamt (einschl. K�rnermais und CCM),15434373
1963,Getreide (ohne K�rnermais und CCM),15386682
1963,Brotgetreide,8273671
1963,Weizen,4855995
1963,Weichweizen,0
1963,Winterweizen,4195002
1963,Sommerweizen,660993
1963,Hartweizen (Durum),0
1963,Roggen,3238848
1963,Wintermenggetreide,178828
1963,Futter- und Industriegetreide,7113011
1963,Gerste,3561622
1963,Wintergerste,1032213
1963,Sommergerste,2529409
1963,Hafer,2321013
1963,Sommermenggetreide,1230376
1963,Triticale,0
1963,K�rnermais (einschl. CCM),47691
1963,Futtererbsen,0
1963,Ackerbohnen,50077
1963,Lupinen,0
1963,Kartoffeln,25812413
1963,Fr�he Speisekartoffeln,1352642
1963,Mittelfr�he und sp�te Kartoffeln,24459771
1963,Zuckerr�ben,12493100
1963,Runkelr�ben,22435943
1963,Raps und R�bsen,95798
1963,Winterraps,76979
1963,Sommerraps. Winter- und Sommerr�bsen,18819
1963,K�rnersonnenblumen,0
1963,Raufutter,26703278
1963,Klee. Kleegras und Klee-Luzerne-Gemisch,4351306
1963,Luzerne,0
1963,Feldgras/Grasanbau auf dem Ackerland,1043680
1963,Silomais (einschl. Lieschkolbenschrot),2020853
1963,Wiesen und M�hweiden,21308292
1963,Wiesen,0
1963,M�hweiden,0
1964,Getreide insgesamt (einschl. K�rnermais und CCM),16550057
1964,Getreide (ohne K�rnermais und CCM),16487447
1964,Brotgetreide,8987795
1964,Weizen,5202594
1964,Weichweizen,0
1964,Winterweizen,4623831
1964,Sommerweizen,578763
1964,Hartweizen (Durum),0
1964,Roggen,3608771
1964,Wintermenggetreide,176430
1964,Futter- und Industriegetreide,7499652
1964,Gerste,3915449
1964,Wintergerste,1216158
1964,Sommergerste,2699291
1964,Hafer,2307942
1964,Sommermenggetreide,1276261
1964,Triticale,0
1964,K�rnermais (einschl. CCM),62610
1964,Futtererbsen,0
1964,Ackerbohnen,49501
1964,Lupinen,0
1964,Kartoffeln,20623985
1964,Fr�he Speisekartoffeln,1069589
1964,Mittelfr�he und sp�te Kartoffeln,19554396
1964,Zuckerr�ben,12862644
1964,Runkelr�ben,18597230
1964,Raps und R�bsen,108718
1964,Winterraps,92396
1964,Sommerraps. Winter- und Sommerr�bsen,16322
1964,K�rnersonnenblumen,0
1964,Raufutter,23196582
1964,Klee. Kleegras und Klee-Luzerne-Gemisch,3503611
1964,Luzerne,0
1964,Feldgras/Grasanbau auf dem Ackerland,911045
1964,Silomais (einschl. Lieschkolbenschrot),1855152
1964,Wiesen und M�hweiden,18781926
1964,Wiesen,0
1964,M�hweiden,0
1965,Getreide insgesamt (einschl. K�rnermais und CCM),13886697
1965,Getreide (ohne K�rnermais und CCM),13790295
1965,Brotgetreide,7305100
1965,Weizen,4347690
1965,Weichweizen,0
1965,Winterweizen,3927905
1965,Sommerweizen,419785
1965,Hartweizen (Durum),0
1965,Roggen,2825009
1965,Wintermenggetreide,132401
1965,Futter- und Industriegetreide,6485195
1965,Gerste,3364465
1965,Wintergerste,1193263
1965,Sommergerste,2171202
1965,Hafer,2052011
1965,Sommermenggetreide,1068719
1965,Triticale,0
1965,K�rnermais (einschl. CCM),96402
1965,Futtererbsen,0
1965,Ackerbohnen,59256
1965,Lupinen,0
1965,Kartoffeln,18094631
1965,Fr�he Speisekartoffeln,901025
1965,Mittelfr�he und sp�te Kartoffeln,17193606
1965,Zuckerr�ben,10938821
1965,Runkelr�ben,16770180
1965,Raps und R�bsen,106538
1965,Winterraps,94932
1965,Sommerraps. Winter- und Sommerr�bsen,11606
1965,K�rnersonnenblumen,0
1965,Raufutter,27376602
1965,Klee. Kleegras und Klee-Luzerne-Gemisch,3830304
1965,Luzerne,0
1965,Feldgras/Grasanbau auf dem Ackerland,1117813
1965,Silomais (einschl. Lieschkolbenschrot),3397041
1965,Wiesen und M�hweiden,22428485
1965,Wiesen,0
1965,M�hweiden,0
1966,Getreide insgesamt (einschl. K�rnermais und CCM),14824953
1966,Getreide (ohne K�rnermais und CCM),14698027
1966,Brotgetreide,7358876
1966,Weizen,4533183
1966,Weichweizen,0
1966,Winterweizen,3869100
1966,Sommerweizen,664083
1966,Hartweizen (Durum),0
1966,Roggen,2696136
1966,Wintermenggetreide,129557
1966,Futter- und Industriegetreide,7339151
1966,Gerste,3869287
1966,Wintergerste,1271179
1966,Sommergerste,2598108
1966,Hafer,2340374
1966,Sommermenggetreide,1129490
1966,Triticale,0
1966,K�rnermais (einschl. CCM),126926
1966,Futtererbsen,0
1966,Ackerbohnen,68961
1966,Lupinen,0
1966,Kartoffeln,18839385
1966,Fr�he Speisekartoffeln,896947
1966,Mittelfr�he und sp�te Kartoffeln,17942438
1966,Zuckerr�ben,12467917
1966,Runkelr�ben,19429012
1966,Raps und R�bsen,98731
1966,Winterraps,86150
1966,Sommerraps. Winter- und Sommerr�bsen,12581
1966,K�rnersonnenblumen,0
1966,Raufutter,28694515
1966,Klee. Kleegras und Klee-Luzerne-Gemisch,4044701
1966,Luzerne,0
1966,Feldgras/Grasanbau auf dem Ackerland,1238428
1966,Silomais (einschl. Lieschkolbenschrot),4262879
1966,Wiesen und M�hweiden,23411386
1966,Wiesen,0
1966,M�hweiden,0
1967,Getreide insgesamt (einschl. K�rnermais und CCM),18026405
1967,Getreide (ohne K�rnermais und CCM),17829941
1967,Brotgetreide,9136129
1967,Weizen,5819018
1967,Weichweizen,0
1967,Winterweizen,5118522
1967,Sommerweizen,700496
1967,Hartweizen (Durum),0
1967,Roggen,3162476
1967,Wintermenggetreide,154635
1967,Futter- und Industriegetreide,8693812
1967,Gerste,4734118
1967,Wintergerste,1720082
1967,Sommergerste,3014036
1967,Hafer,2718432
1967,Sommermenggetreide,1241262
1967,Triticale,0
1967,K�rnermais (einschl. CCM),196464
1967,Futtererbsen,0
1967,Ackerbohnen,81294
1967,Lupinen,0
1967,Kartoffeln,21293532
1967,Fr�he Speisekartoffeln,937919
1967,Mittelfr�he und sp�te Kartoffeln,20355613
1967,Zuckerr�ben,13696607
1967,Runkelr�ben,21305489
1967,Raps und R�bsen,124591
1967,Winterraps,109517
1967,Sommerraps. Winter- und Sommerr�bsen,15074
1967,K�rnersonnenblumen,0
1967,Raufutter,28904153
1967,Klee. Kleegras und Klee-Luzerne-Gemisch,3802849
1967,Luzerne,0
1967,Feldgras/Grasanbau auf dem Ackerland,1262907
1967,Silomais (einschl. Lieschkolbenschrot),4930741
1967,Wiesen und M�hweiden,23838397
1967,Wiesen,0
1967,M�hweiden,0
1968,Getreide insgesamt (einschl. K�rnermais und CCM),19069197
1968,Getreide (ohne K�rnermais und CCM),18782101
1968,Brotgetreide,9545523
1968,Weizen,6198380
1968,Weichweizen,0
1968,Winterweizen,5577398
1968,Sommerweizen,620982
1968,Hartweizen (Durum),0
1968,Roggen,3189427
1968,Wintermenggetreide,157716
1968,Futter- und Industriegetreide,9236578
1968,Gerste,4973902
1968,Wintergerste,1903177
1968,Sommergerste,3070725
1968,Hafer,2893214
1968,Sommermenggetreide,1369462
1968,Triticale,0
1968,K�rnermais (einschl. CCM),287096
1968,Futtererbsen,0
1968,Ackerbohnen,76966
1968,Lupinen,0
1968,Kartoffeln,19195690
1968,Fr�he Speisekartoffeln,854326
1968,Mittelfr�he und sp�te Kartoffeln,18341364
1968,Zuckerr�ben,13632963
1968,Runkelr�ben,35742328
1968,Raps und R�bsen,169911
1968,Winterraps,155641
1968,Sommerraps. Winter- und Sommerr�bsen,14270
1968,K�rnersonnenblumen,0
1968,Raufutter,28319143
1968,Klee. Kleegras und Klee-Luzerne-Gemisch,3498413
1968,Luzerne,0
1968,Feldgras/Grasanbau auf dem Ackerland,1248700
1968,Silomais (einschl. Lieschkolbenschrot),5015090
1968,Wiesen und M�hweiden,23572030
1968,Wiesen,0
1968,M�hweiden,0
1969,Getreide insgesamt (einschl. K�rnermais und CCM),18930889
1969,Getreide (ohne K�rnermais und CCM),18530455
1969,Brotgetreide,9018738
1969,Weizen,5999948
1969,Weichweizen,0
1969,Winterweizen,5341811
1969,Sommerweizen,658137
1969,Hartweizen (Durum),0
1969,Roggen,2888981
1969,Wintermenggetreide,129809
1969,Futter- und Industriegetreide,9511717
1969,Gerste,5130388
1969,Wintergerste,1687003
1969,Sommergerste,3443385
1969,Hafer,2975997
1969,Sommermenggetreide,1405332
1969,Triticale,0
1969,K�rnermais (einschl. CCM),400434
1969,Futtererbsen,0
1969,Ackerbohnen,78063
1969,Lupinen,0
1969,Kartoffeln,15984598
1969,Fr�he Speisekartoffeln,693958
1969,Mittelfr�he und sp�te Kartoffeln,15290640
1969,Zuckerr�ben,12941284
1969,Runkelr�ben,31354834
1969,Raps und R�bsen,158144
1969,Winterraps,141432
1969,Sommerraps. Winter- und Sommerr�bsen,16712
1969,K�rnersonnenblumen,0
1969,Raufutter,28142714
1969,Klee. Kleegras und Klee-Luzerne-Gemisch,3296745
1969,Luzerne,0
1969,Feldgras/Grasanbau auf dem Ackerland,1249159
1969,Silomais (einschl. Lieschkolbenschrot),6077789
1969,Wiesen und M�hweiden,23596810
1969,Wiesen,0
1969,M�hweiden,0
1970,Getreide insgesamt (einschl. K�rnermais und CCM),17297368
1970,Getreide (ohne K�rnermais und CCM),16790810
1970,Brotgetreide,8446593
1970,Weizen,5661689
1970,Weichweizen,0
1970,Winterweizen,5110198
1970,Sommerweizen,551491
1970,Hartweizen (Durum),0
1970,Roggen,2664848
1970,Wintermenggetreide,120056
1970,Futter- und Industriegetreide,8344217
1970,Gerste,4754032
1970,Wintergerste,1815335
1970,Sommergerste,2938697
1970,Hafer,2483845
1970,Sommermenggetreide,1106340
1970,Triticale,0
1970,K�rnermais (einschl. CCM),506558
1970,Futtererbsen,0
1970,Ackerbohnen,61558
1970,Lupinen,0
1970,Kartoffeln,16250042
1970,Fr�he Speisekartoffeln,766190
1970,Mittelfr�he und sp�te Kartoffeln,15483852
1970,Zuckerr�ben,13328506
1970,Runkelr�ben,29691295
1970,Raps und R�bsen,185020
1970,Winterraps,166581
1970,Sommerraps. Winter- und Sommerr�bsen,18439
1970,K�rnersonnenblumen,0
1970,Raufutter,31644456
1970,Klee. Kleegras und Klee-Luzerne-Gemisch,3028208
1970,Luzerne,0
1970,Feldgras/Grasanbau auf dem Ackerland,1139345
1970,Silomais (einschl. Lieschkolbenschrot),8479087
1970,Wiesen und M�hweiden,27476903
1970,Wiesen,0
1970,M�hweiden,0
1971,Getreide insgesamt (einschl. K�rnermais und CCM),20945348
1971,Getreide (ohne K�rnermais und CCM),20351124
1971,Brotgetreide,10330090
1971,Weizen,7141874
1971,Weichweizen,0
1971,Winterweizen,6309539
1971,Sommerweizen,832335
1971,Hartweizen (Durum),0
1971,Roggen,3031912
1971,Wintermenggetreide,156304
1971,Futter- und Industriegetreide,10021034
1971,Gerste,5773591
1971,Wintergerste,2199989
1971,Sommergerste,3573602
1971,Hafer,3037130
1971,Sommermenggetreide,1210313
1971,Triticale,0
1971,K�rnermais (einschl. CCM),594224
1971,Futtererbsen,0
1971,Ackerbohnen,59934
1971,Lupinen,0
1971,Kartoffeln,15176069
1971,Fr�he Speisekartoffeln,774666
1971,Mittelfr�he und sp�te Kartoffeln,14401403
1971,Zuckerr�ben,14409485
1971,Runkelr�ben,26599442
1971,Raps und R�bsen,228283
1971,Winterraps,204942
1971,Sommerraps. Winter- und Sommerr�bsen,23341
1971,K�rnersonnenblumen,0
1971,Raufutter,29871047
1971,Klee. Kleegras und Klee-Luzerne-Gemisch,2713109
1971,Luzerne,0
1971,Feldgras/Grasanbau auf dem Ackerland,928566
1971,Silomais (einschl. Lieschkolbenschrot),9483856
1971,Wiesen und M�hweiden,26229372
1971,Wiesen,0
1971,M�hweiden,0
1972,Getreide insgesamt (einschl. K�rnermais und CCM),20243304
1972,Getreide (ohne K�rnermais und CCM),19679524
1972,Brotgetreide,9652515
1972,Weizen,6607967
1972,Weichweizen,0
1972,Winterweizen,5860252
1972,Sommerweizen,747715
1972,Hartweizen (Durum),0
1972,Roggen,2917102
1972,Wintermenggetreide,127446
1972,Futter- und Industriegetreide,10027009
1972,Gerste,5996862
1972,Wintergerste,2392945
1972,Sommergerste,3603917
1972,Hafer,2887487
1972,Sommermenggetreide,1142660
1972,Triticale,0
1972,K�rnermais (einschl. CCM),563780
1972,Futtererbsen,0
1972,Ackerbohnen,43959
1972,Lupinen,0
1972,Kartoffeln,15038212
1972,Fr�he Speisekartoffeln,802987
1972,Mittelfr�he und sp�te Kartoffeln,14235225
1972,Zuckerr�ben,14655759
1972,Runkelr�ben,26141074
1972,Raps und R�bsen,248712
1972,Winterraps,231253
1972,Sommerraps. Winter- und Sommerr�bsen,17459
1972,K�rnersonnenblumen,0
1972,Raufutter,31048350
1972,Klee. Kleegras und Klee-Luzerne-Gemisch,2638663
1972,Luzerne,0
1972,Feldgras/Grasanbau auf dem Ackerland,965571
1972,Silomais (einschl. Lieschkolbenschrot),12395571
1972,Wiesen und M�hweiden,27444116
1972,Wiesen,0
1972,M�hweiden,0
1973,Getreide insgesamt (einschl. K�rnermais und CCM),21177068
1973,Getreide (ohne K�rnermais und CCM),20603886
1973,Brotgetreide,9827123
1973,Weizen,7134411
1973,Weichweizen,0
1973,Winterweizen,6181696
1973,Sommerweizen,952715
1973,Hartweizen (Durum),0
1973,Roggen,2576359
1973,Wintermenggetreide,116353
1973,Futter- und Industriegetreide,10776763
1973,Gerste,6622061
1973,Wintergerste,2852719
1973,Sommergerste,3769342
1973,Hafer,3045408
1973,Sommermenggetreide,1109294
1973,Triticale,0
1973,K�rnermais (einschl. CCM),573182
1973,Futtererbsen,0
1973,Ackerbohnen,53010
1973,Lupinen,0
1973,Kartoffeln,13676482
1973,Fr�he Speisekartoffeln,832970
1973,Mittelfr�he und sp�te Kartoffeln,12843512
1973,Zuckerr�ben,15857858
1973,Runkelr�ben,24031834
1973,Raps und R�bsen,222321
1973,Winterraps,202614
1973,Sommerraps. Winter- und Sommerr�bsen,19707
1973,K�rnersonnenblumen,0
1973,Raufutter,30194613
1973,Klee. Kleegras und Klee-Luzerne-Gemisch,2443962
1973,Luzerne,0
1973,Feldgras/Grasanbau auf dem Ackerland,879418
1973,Silomais (einschl. Lieschkolbenschrot),15521932
1973,Wiesen und M�hweiden,26871233
1973,Wiesen,0
1973,M�hweiden,0
1974,Getreide insgesamt (einschl. K�rnermais und CCM),22653285
1974,Getreide (ohne K�rnermais und CCM),22132349
1974,Brotgetreide,10426122
1974,Weizen,7760755
1974,Weichweizen,0
1974,Winterweizen,6739466
1974,Sommerweizen,1021289
1974,Hartweizen (Durum),0
1974,Roggen,2559472
1974,Wintermenggetreide,105895
1974,Futter- und Industriegetreide,11706227
1974,Gerste,7048474
1974,Wintergerste,3359041
1974,Sommergerste,3689433
1974,Hafer,3481773
1974,Sommermenggetreide,1175980
1974,Triticale,0
1974,K�rnermais (einschl. CCM),520936
1974,Futtererbsen,0
1974,Ackerbohnen,70695
1974,Lupinen,0
1974,Kartoffeln,14548488
1974,Fr�he Speisekartoffeln,874634
1974,Mittelfr�he und sp�te Kartoffeln,13673854
1974,Zuckerr�ben,16499098
1974,Runkelr�ben,24024338
1974,Raps und R�bsen,301068
1974,Winterraps,285325
1974,Sommerraps. Winter- und Sommerr�bsen,15743
1974,K�rnersonnenblumen,0
1974,Raufutter,30753569
1974,Klee. Kleegras und Klee-Luzerne-Gemisch,2461959
1974,Luzerne,0
1974,Feldgras/Grasanbau auf dem Ackerland,1196584
1974,Silomais (einschl. Lieschkolbenschrot),16670027
1974,Wiesen und M�hweiden,27095026
1974,Wiesen,0
1974,M�hweiden,0
1975,Getreide insgesamt (einschl. K�rnermais und CCM),21255035
1975,Getreide (ohne K�rnermais und CCM),20724393
1975,Brotgetreide,9241892
1975,Weizen,7014025
1975,Weichweizen,0
1975,Winterweizen,5632909
1975,Sommerweizen,1381116
1975,Hartweizen (Durum),0
1975,Roggen,2125420
1975,Wintermenggetreide,102447
1975,Futter- und Industriegetreide,11482501
1975,Gerste,6970573
1975,Wintergerste,3268784
1975,Sommergerste,3701789
1975,Hafer,3444864
1975,Sommermenggetreide,1067064
1975,Triticale,0
1975,K�rnermais (einschl. CCM),530642
1975,Futtererbsen,0
1975,Ackerbohnen,53113
1975,Lupinen,0
1975,Kartoffeln,10853192
1975,Fr�he Speisekartoffeln,744363
1975,Mittelfr�he und sp�te Kartoffeln,10108829
1975,Zuckerr�ben,18203027
1975,Runkelr�ben,22137942
1975,Raps und R�bsen,199042
1975,Winterraps,181344
1975,Sommerraps. Winter- und Sommerr�bsen,17698
1975,K�rnersonnenblumen,0
1975,Raufutter,30447067
1975,Klee. Kleegras und Klee-Luzerne-Gemisch,2360446
1975,Luzerne,0
1975,Feldgras/Grasanbau auf dem Ackerland,1065842
1975,Silomais (einschl. Lieschkolbenschrot),19169453
1975,Wiesen und M�hweiden,27020779
1975,Wiesen,0
1975,M�hweiden,0
1976,Getreide insgesamt (einschl. K�rnermais und CCM),19133524
1976,Getreide (ohne K�rnermais und CCM),18653882
1976,Brotgetreide,8890375
1976,Weizen,6701676
1976,Weichweizen,0
1976,Winterweizen,5883145
1976,Sommerweizen,818531
1976,Hartweizen (Durum),0
1976,Roggen,2100041
1976,Wintermenggetreide,88658
1976,Futter- und Industriegetreide,9763507
1976,Gerste,6486833
1976,Wintergerste,3497521
1976,Sommergerste,2989312
1976,Hafer,2497285
1976,Sommermenggetreide,779389
1976,Triticale,0
1976,K�rnermais (einschl. CCM),479642
1976,Futtererbsen,0
1976,Ackerbohnen,29532
1976,Lupinen,0
1976,Kartoffeln,9808122
1976,Fr�he Speisekartoffeln,608790
1976,Mittelfr�he und sp�te Kartoffeln,9199332
1976,Zuckerr�ben,18010662
1976,Runkelr�ben,18989425
1976,Raps und R�bsen,221530
1976,Winterraps,206809
1976,Sommerraps. Winter- und Sommerr�bsen,14721
1976,K�rnersonnenblumen,0
1976,Raufutter,25356882
1976,Klee. Kleegras und Klee-Luzerne-Gemisch,1797584
1976,Luzerne,0
1976,Feldgras/Grasanbau auf dem Ackerland,980635
1976,Silomais (einschl. Lieschkolbenschrot),17088736
1976,Wiesen und M�hweiden,22578663
1976,Wiesen,0
1976,M�hweiden,0
1977,Getreide insgesamt (einschl. K�rnermais und CCM),21611068
1977,Getreide (ohne K�rnermais und CCM),21031795
1977,Brotgetreide,9859876
1977,Weizen,7235013
1977,Weichweizen,0
1977,Winterweizen,6508858
1977,Sommerweizen,726155
1977,Hartweizen (Durum),0
1977,Roggen,2539550
1977,Wintermenggetreide,85313
1977,Futter- und Industriegetreide,11171919
1977,Gerste,7582485
1977,Wintergerste,4237877
1977,Sommergerste,3344608
1977,Hafer,2714354
1977,Sommermenggetreide,875080
1977,Triticale,0
1977,K�rnermais (einschl. CCM),579273
1977,Futtererbsen,0
1977,Ackerbohnen,21713
1977,Lupinen,0
1977,Kartoffeln,11367922
1977,Fr�he Speisekartoffeln,770803
1977,Mittelfr�he und sp�te Kartoffeln,10597119
1977,Zuckerr�ben,20206311
1977,Runkelr�ben,22177298
1977,Raps und R�bsen,281740
1977,Winterraps,265603
1977,Sommerraps. Winter- und Sommerr�bsen,16137
1977,K�rnersonnenblumen,0
1977,Raufutter,30172773
1977,Klee. Kleegras und Klee-Luzerne-Gemisch,2003404
1977,Luzerne,0
1977,Feldgras/Grasanbau auf dem Ackerland,899763
1977,Silomais (einschl. Lieschkolbenschrot),25630887
1977,Wiesen und M�hweiden,27269606
1977,Wiesen,0
1977,M�hweiden,0
1978,Getreide insgesamt (einschl. K�rnermais und CCM),23940419
1978,Getreide (ohne K�rnermais und CCM),23323274
1978,Brotgetreide,10666317
1978,Weizen,8117689
1978,Weichweizen,0
1978,Winterweizen,7388767
1978,Sommerweizen,728922
1978,Hartweizen (Durum),0
1978,Roggen,2457234
1978,Wintermenggetreide,91394
1978,Futter- und Industriegetreide,12656957
1978,Gerste,8607882
1978,Wintergerste,5203449
1978,Sommergerste,3404433
1978,Hafer,3202449
1978,Sommermenggetreide,846626
1978,Triticale,0
1978,K�rnermais (einschl. CCM),617145
1978,Futtererbsen,0
1978,Ackerbohnen,21801
1978,Lupinen,0
1978,Kartoffeln,10509782
1978,Fr�he Speisekartoffeln,812373
1978,Mittelfr�he und sp�te Kartoffeln,9697409
1978,Zuckerr�ben,18777000
1978,Runkelr�ben,18677788
1978,Raps und R�bsen,330967
1978,Winterraps,314788
1978,Sommerraps. Winter- und Sommerr�bsen,16179
1978,K�rnersonnenblumen,0
1978,Raufutter,31185943
1978,Klee. Kleegras und Klee-Luzerne-Gemisch,2014075
1978,Luzerne,0
1978,Feldgras/Grasanbau auf dem Ackerland,1031517
1978,Silomais (einschl. Lieschkolbenschrot),25445343
1978,Wiesen und M�hweiden,28140351
1978,Wiesen,0
1978,M�hweiden,0
1979,Getreide insgesamt (einschl. K�rnermais und CCM),22872088
1979,Getreide (ohne K�rnermais und CCM),22131134
1979,Brotgetreide,10250361
1979,Weizen,8061086
1979,Weichweizen,0
1979,Winterweizen,7444246
1979,Sommerweizen,616840
1979,Hartweizen (Durum),0
1979,Roggen,2113933
1979,Wintermenggetreide,75342
1979,Futter- und Industriegetreide,11880773
1979,Gerste,8184185
1979,Wintergerste,4880921
1979,Sommergerste,3303264
1979,Hafer,2994025
1979,Sommermenggetreide,702563
1979,Triticale,0
1979,K�rnermais (einschl. CCM),740954
1979,Futtererbsen,0
1979,Ackerbohnen,15819
1979,Lupinen,0
1979,Kartoffeln,8715649
1979,Fr�he Speisekartoffeln,515577
1979,Mittelfr�he und sp�te Kartoffeln,8200072
1979,Zuckerr�ben,18340000
1979,Runkelr�ben,16725181
1979,Raps und R�bsen,321456
1979,Winterraps,305357
1979,Sommerraps. Winter- und Sommerr�bsen,16099
1979,K�rnersonnenblumen,0
1979,Raufutter,29511270
1979,Klee. Kleegras und Klee-Luzerne-Gemisch,1835981
1979,Luzerne,0
1979,Feldgras/Grasanbau auf dem Ackerland,730690
1979,Silomais (einschl. Lieschkolbenschrot),31765072
1979,Wiesen und M�hweiden,26944598
1979,Wiesen,0
1979,M�hweiden,0
1980,Getreide insgesamt (einschl. K�rnermais und CCM),23087265
1980,Getreide (ohne K�rnermais und CCM),22415633
1980,Brotgetreide,10340131
1980,Weizen,8156026
1980,Weichweizen,0
1980,Winterweizen,7611718
1980,Sommerweizen,544308
1980,Hartweizen (Durum),0
1980,Roggen,2098299
1980,Wintermenggetreide,85806
1980,Futter- und Industriegetreide,12075502
1980,Gerste,8826381
1980,Wintergerste,5937083
1980,Sommergerste,2889298
1980,Hafer,2657671
1980,Sommermenggetreide,591450
1980,Triticale,0
1980,K�rnermais (einschl. CCM),671632
1980,Futtererbsen,0
1980,Ackerbohnen,14102
1980,Lupinen,0
1980,Kartoffeln,6694114
1980,Fr�he Speisekartoffeln,541020
1980,Mittelfr�he und sp�te Kartoffeln,6153094
1980,Zuckerr�ben,19122000
1980,Runkelr�ben,14146508
1980,Raps und R�bsen,377415
1980,Winterraps,360156
1980,Sommerraps. Winter- und Sommerr�bsen,17259
1980,K�rnersonnenblumen,0
1980,Raufutter,28679833
1980,Klee. Kleegras und Klee-Luzerne-Gemisch,1671891
1980,Luzerne,0
1980,Feldgras/Grasanbau auf dem Ackerland,739567
1980,Silomais (einschl. Lieschkolbenschrot),29083313
1980,Wiesen und M�hweiden,26268375
1980,Wiesen,0
1980,M�hweiden,0
1981,Getreide insgesamt (einschl. K�rnermais und CCM),22825874
1981,Getreide (ohne K�rnermais und CCM),21993780
1981,Brotgetreide,10106771
1981,Weizen,8313266
1981,Weichweizen,0
1981,Winterweizen,7697015
1981,Sommerweizen,616251
1981,Hartweizen (Durum),0
1981,Roggen,1729015
1981,Wintermenggetreide,64490
1981,Futter- und Industriegetreide,11887009
1981,Gerste,8686628
1981,Wintergerste,5869305
1981,Sommergerste,2817323
1981,Hafer,2677961
1981,Sommermenggetreide,522420
1981,Triticale,0
1981,K�rnermais (einschl. CCM),832094
1981,Futtererbsen,0
1981,Ackerbohnen,13657
1981,Lupinen,0
1981,Kartoffeln,7585418
1981,Fr�he Speisekartoffeln,500916
1981,Mittelfr�he und sp�te Kartoffeln,7084502
1981,Zuckerr�ben,24380000
1981,Runkelr�ben,14600085
1981,Raps und R�bsen,363011
1981,Winterraps,348986
1981,Sommerraps. Winter- und Sommerr�bsen,14025
1981,K�rnersonnenblumen,0
1981,Raufutter,29675406
1981,Klee. Kleegras und Klee-Luzerne-Gemisch,1728198
1981,Luzerne,0
1981,Feldgras/Grasanbau auf dem Ackerland,816119
1981,Silomais (einschl. Lieschkolbenschrot),35691910
1981,Wiesen und M�hweiden,27131089
1981,Wiesen,0
1981,M�hweiden,0
1982,Getreide insgesamt (einschl. K�rnermais und CCM),24624904
1982,Getreide (ohne K�rnermais und CCM),23570679
1982,Brotgetreide,10334247
1982,Weizen,8631608
1982,Weichweizen,0
1982,Winterweizen,6957472
1982,Sommerweizen,1674136
1982,Hartweizen (Durum),0
1982,Roggen,1639360
1982,Wintermenggetreide,63279
1982,Futter- und Industriegetreide,13236432
1982,Gerste,9459636
1982,Wintergerste,5012184
1982,Sommergerste,4447452
1982,Hafer,3112962
1982,Sommermenggetreide,663834
1982,Triticale,0
1982,K�rnermais (einschl. CCM),1054225
1982,Futtererbsen,0
1982,Ackerbohnen,20673
1982,Lupinen,0
1982,Kartoffeln,7049081
1982,Fr�he Speisekartoffeln,531361
1982,Mittelfr�he und sp�te Kartoffeln,6517720
1982,Zuckerr�ben,22732000
1982,Runkelr�ben,13478655
1982,Raps und R�bsen,534681
1982,Winterraps,515622
1982,Sommerraps. Winter- und Sommerr�bsen,19059
1982,K�rnersonnenblumen,0
1982,Raufutter,29355888
1982,Klee. Kleegras und Klee-Luzerne-Gemisch,1641372
1982,Luzerne,0
1982,Feldgras/Grasanbau auf dem Ackerland,893795
1982,Silomais (einschl. Lieschkolbenschrot),39399096
1982,Wiesen und M�hweiden,26820721
1982,Wiesen,0
1982,M�hweiden,0
1983,Getreide insgesamt (einschl. K�rnermais und CCM),23010904
1983,Getreide (ohne K�rnermais und CCM),22077335
1983,Brotgetreide,10644476
1983,Weizen,8998024
1983,Weichweizen,0
1983,Winterweizen,8567913
1983,Sommerweizen,430111
1983,Hartweizen (Durum),0
1983,Roggen,1599259
1983,Wintermenggetreide,47193
1983,Futter- und Industriegetreide,11432859
1983,Gerste,8943756
1983,Wintergerste,6401653
1983,Sommergerste,2542103
1983,Hafer,2067742
1983,Sommermenggetreide,421361
1983,Triticale,0
1983,K�rnermais (einschl. CCM),933569
1983,Futtererbsen,0
1983,Ackerbohnen,17064
1983,Lupinen,0
1983,Kartoffeln,5669159
1983,Fr�he Speisekartoffeln,424424
1983,Mittelfr�he und sp�te Kartoffeln,5244735
1983,Zuckerr�ben,16295000
1983,Runkelr�ben,9714890
1983,Raps und R�bsen,599428
1983,Winterraps,582335
1983,Sommerraps. Winter- und Sommerr�bsen,17093
1983,K�rnersonnenblumen,0
1983,Raufutter,27574572
1983,Klee. Kleegras und Klee-Luzerne-Gemisch,1446332
1983,Luzerne,0
1983,Feldgras/Grasanbau auf dem Ackerland,760583
1983,Silomais (einschl. Lieschkolbenschrot),33416394
1983,Wiesen und M�hweiden,25367657
1983,Wiesen,0
1983,M�hweiden,0
1984,Getreide insgesamt (einschl. K�rnermais und CCM),26488945
1984,Getreide (ohne K�rnermais und CCM),25462536
1984,Brotgetreide,12206048
1984,Weizen,10223297
1984,Weichweizen,0
1984,Winterweizen,9796877
1984,Sommerweizen,426420
1984,Hartweizen (Durum),0
1984,Roggen,1930783
1984,Wintermenggetreide,51968
1984,Futter- und Industriegetreide,13256488
1984,Gerste,10283987
1984,Wintergerste,7532898
1984,Sommergerste,2751089
1984,Hafer,2506891
1984,Sommermenggetreide,465610
1984,Triticale,0
1984,K�rnermais (einschl. CCM),1026409
1984,Futtererbsen,0
1984,Ackerbohnen,26895
1984,Lupinen,0
1984,Kartoffeln,7272361
1984,Fr�he Speisekartoffeln,539615
1984,Mittelfr�he und sp�te Kartoffeln,6732746
1984,Zuckerr�ben,20060000
1984,Runkelr�ben,10884146
1984,Raps und R�bsen,661848
1984,Winterraps,643791
1984,Sommerraps. Winter- und Sommerr�bsen,18057
1984,K�rnersonnenblumen,0
1984,Raufutter,29579220
1984,Klee. Kleegras und Klee-Luzerne-Gemisch,1591114
1984,Luzerne,0
1984,Feldgras/Grasanbau auf dem Ackerland,983339
1984,Silomais (einschl. Lieschkolbenschrot),37918664
1984,Wiesen und M�hweiden,27004767
1984,Wiesen,0
1984,M�hweiden,0
1985,Getreide insgesamt (einschl. K�rnermais und CCM),25914499
1985,Getreide (ohne K�rnermais und CCM),24710706
1985,Brotgetreide,11742398
1985,Weizen,9865885
1985,Weichweizen,0
1985,Winterweizen,9422106
1985,Sommerweizen,443779
1985,Hartweizen (Durum),0
1985,Roggen,1821379
1985,Wintermenggetreide,55134
1985,Futter- und Industriegetreide,12968308
1985,Gerste,9690485
1985,Wintergerste,6351077
1985,Sommergerste,3339408
1985,Hafer,2806453
1985,Sommermenggetreide,471370
1985,Triticale,0
1985,K�rnermais (einschl. CCM),1203793
1985,Futtererbsen,0
1985,Ackerbohnen,55057
1985,Lupinen,0
1985,Kartoffeln,7905384
1985,Fr�he Speisekartoffeln,629843
1985,Mittelfr�he und sp�te Kartoffeln,7275541
1985,Zuckerr�ben,20813000
1985,Runkelr�ben,10810162
1985,Raps und R�bsen,802763
1985,Winterraps,781852
1985,Sommerraps. Winter- und Sommerr�bsen,20911
1985,K�rnersonnenblumen,0
1985,Raufutter,29829008
1985,Klee. Kleegras und Klee-Luzerne-Gemisch,1540706
1985,Luzerne,0
1985,Feldgras/Grasanbau auf dem Ackerland,924144
1985,Silomais (einschl. Lieschkolbenschrot),44386961
1985,Wiesen und M�hweiden,27364158
1985,Wiesen,0
1985,M�hweiden,0
1986,Getreide insgesamt (einschl. K�rnermais und CCM),25589947
1986,Getreide (ohne K�rnermais und CCM),24287928
1986,Brotgetreide,12223858
1986,Weizen,10406196
1986,Weichweizen,0
1986,Winterweizen,9953614
1986,Sommerweizen,452582
1986,Hartweizen (Durum),0
1986,Roggen,1768288
1986,Wintermenggetreide,49374
1986,Futter- und Industriegetreide,12064070
1986,Gerste,9377136
1986,Wintergerste,6537217
1986,Sommergerste,2839919
1986,Hafer,2275956
1986,Sommermenggetreide,410978
1986,Triticale,0
1986,K�rnermais (einschl. CCM),1302019
1986,Futtererbsen,0
1986,Ackerbohnen,106415
1986,Lupinen,0
1986,Kartoffeln,7390277
1986,Fr�he Speisekartoffeln,555603
1986,Mittelfr�he und sp�te Kartoffeln,6834674
1986,Zuckerr�ben,20260000
1986,Runkelr�ben,9797882
1986,Raps und R�bsen,968885
1986,Winterraps,945881
1986,Sommerraps. Winter- und Sommerr�bsen,23003
1986,K�rnersonnenblumen,0
1986,Raufutter,29441984
1986,Klee. Kleegras und Klee-Luzerne-Gemisch,1576034
1986,Luzerne,0
1986,Feldgras/Grasanbau auf dem Ackerland,996243
1986,Silomais (einschl. Lieschkolbenschrot),45427249
1986,Wiesen und M�hweiden,26869707
1986,Wiesen,0
1986,M�hweiden,0
1987,Getreide insgesamt (einschl. K�rnermais und CCM),23770189
1987,Getreide (ohne K�rnermais und CCM),22553401
1987,Brotgetreide,11576289
1987,Weizen,9931568
1987,Weichweizen,0
1987,Winterweizen,9549498
1987,Sommerweizen,382070
1987,Hartweizen (Durum),0
1987,Roggen,1598979
1987,Wintermenggetreide,45742
1987,Futter- und Industriegetreide,10977122
1987,Gerste,8571290
1987,Wintergerste,6090491
1987,Sommergerste,2480799
1987,Hafer,2007971
1987,Sommermenggetreide,397861
1987,Triticale,0
1987,K�rnermais (einschl. CCM),1216788
1987,Futtererbsen,0
1987,Ackerbohnen,194647
1987,Lupinen,0
1987,Kartoffeln,6836080
1987,Fr�he Speisekartoffeln,593679
1987,Mittelfr�he und sp�te Kartoffeln,6242401
1987,Zuckerr�ben,19049000
1987,Runkelr�ben,8933712
1987,Raps und R�bsen,1264609
1987,Winterraps,1247718
1987,Sommerraps. Winter- und Sommerr�bsen,16892
1987,K�rnersonnenblumen,0
1987,Raufutter,29550332
1987,Klee. Kleegras und Klee-Luzerne-Gemisch,1518443
1987,Luzerne,0
1987,Feldgras/Grasanbau auf dem Ackerland,852563
1987,Silomais (einschl. Lieschkolbenschrot),40858242
1987,Wiesen und M�hweiden,27179326
1987,Wiesen,0
1987,M�hweiden,0
1988,Getreide insgesamt (einschl. K�rnermais und CCM),27112320
1988,Getreide (ohne K�rnermais und CCM),25576828
1988,Brotgetreide,13556046
1988,Weizen,11922189
1988,Weichweizen,0
1988,Winterweizen,11515072
1988,Sommerweizen,346647
1988,Hartweizen (Durum),60470
1988,Roggen,1579428
1988,Wintermenggetreide,54429
1988,Futter- und Industriegetreide,12020782
1988,Gerste,9587210
1988,Wintergerste,6470681
1988,Sommergerste,3116529
1988,Hafer,2038508
1988,Sommermenggetreide,295844
1988,Triticale,99220
1988,K�rnermais (einschl. CCM),1535492
1988,Futtererbsen,0
1988,Ackerbohnen,216602
1988,Lupinen,0
1988,Kartoffeln,7433749
1988,Fr�he Speisekartoffeln,569421
1988,Mittelfr�he und sp�te Kartoffeln,6864328
1988,Zuckerr�ben,18590000
1988,Runkelr�ben,7587284
1988,Raps und R�bsen,1216116
1988,Winterraps,1191936
1988,Sommerraps. Winter- und Sommerr�bsen,24180
1988,K�rnersonnenblumen,0
1988,Raufutter,30270976
1988,Klee. Kleegras und Klee-Luzerne-Gemisch,1513650
1988,Luzerne,0
1988,Feldgras/Grasanbau auf dem Ackerland,910593
1988,Silomais (einschl. Lieschkolbenschrot),45702234
1988,Wiesen und M�hweiden,27846733
1988,Wiesen,0
1988,M�hweiden,0
1989,Getreide insgesamt (einschl. K�rnermais und CCM),26113146
1989,Getreide (ohne K�rnermais und CCM),24539879
1989,Brotgetreide,12877615
1989,Weizen,11032155
1989,Weichweizen,0
1989,Winterweizen,10722415
1989,Sommerweizen,243511
1989,Hartweizen (Durum),66229
1989,Roggen,1797166
1989,Wintermenggetreide,48294
1989,Futter- und Industriegetreide,11662264
1989,Gerste,9716476
1989,Wintergerste,6998303
1989,Sommergerste,2718173
1989,Hafer,1533678
1989,Sommermenggetreide,255358
1989,Triticale,156752
1989,K�rnermais (einschl. CCM),1573267
1989,Futtererbsen,0
1989,Ackerbohnen,165541
1989,Lupinen,0
1989,Kartoffeln,7450626
1989,Fr�he Speisekartoffeln,584952
1989,Mittelfr�he und sp�te Kartoffeln,6865674
1989,Zuckerr�ben,20767000
1989,Runkelr�ben,6569687
1989,Raps und R�bsen,1450159
1989,Winterraps,1424915
1989,Sommerraps. Winter- und Sommerr�bsen,25244
1989,K�rnersonnenblumen,0
1989,Raufutter,30073074
1989,Klee. Kleegras und Klee-Luzerne-Gemisch,1451749
1989,Luzerne,0
1989,Feldgras/Grasanbau auf dem Ackerland,841395
1989,Silomais (einschl. Lieschkolbenschrot),44814956
1989,Wiesen und M�hweiden,27779930
1989,Wiesen,0
1989,M�hweiden,0
1990,Getreide insgesamt (einschl. K�rnermais und CCM),37579589
1990,Getreide (ohne K�rnermais und CCM),36027831
1990,Brotgetreide,19286617
1990,Weizen,15241870
1990,Weichweizen,0
1990,Winterweizen,14948632
1990,Sommerweizen,246101
1990,Hartweizen (Durum),0
1990,Roggen,3988381
1990,Wintermenggetreide,0
1990,Futter- und Industriegetreide,16741214
1990,Gerste,13992013
1990,Wintergerste,9809990
1990,Sommergerste,4182023
1990,Hafer,2105259
1990,Sommermenggetreide,255088
1990,Triticale,388854
1990,K�rnermais (einschl. CCM),1551758
1990,Futtererbsen,76715
1990,Ackerbohnen,134677
1990,Lupinen,0
1990,Kartoffeln,14038504
1990,Fr�he Speisekartoffeln,866936
1990,Mittelfr�he und sp�te Kartoffeln,13171568
1990,Zuckerr�ben,30599703
1990,Runkelr�ben,7313626
1990,Raps und R�bsen,2088213
1990,Winterraps,0
1990,Sommerraps. Winter- und Sommerr�bsen,0
1990,K�rnersonnenblumen,0
1990,Raufutter,38499373
1990,Klee. Kleegras und Klee-Luzerne-Gemisch,2918855
1990,Luzerne,1480841
1990,Feldgras/Grasanbau auf dem Ackerland,3686953
1990,Silomais (einschl. Lieschkolbenschrot),55222103
1990,Wiesen und M�hweiden,30412724
1990,Wiesen,20765018
1990,M�hweiden,0
1991,Getreide insgesamt (einschl. K�rnermais und CCM),39267858
1991,Getreide (ohne K�rnermais und CCM),37330871
1991,Brotgetreide,19981172
1991,Weizen,16611967
1991,Weichweizen,0
1991,Winterweizen,16184341
1991,Sommerweizen,348119
1991,Hartweizen (Durum),79507
1991,Roggen,3323460
1991,Wintermenggetreide,45745
1991,Futter- und Industriegetreide,17349699
1991,Gerste,14493757
1991,Wintergerste,9369928
1991,Sommergerste,5123829
1991,Hafer,1866974
1991,Sommermenggetreide,272418
1991,Triticale,716550
1991,K�rnermais (einschl. CCM),1936987
1991,Futtererbsen,74755
1991,Ackerbohnen,86667
1991,Lupinen,0
1991,Kartoffeln,10200971
1991,Fr�he Speisekartoffeln,596851
1991,Mittelfr�he und sp�te Kartoffeln,9604120
1991,Zuckerr�ben,25925733
1991,Runkelr�ben,4414065
1991,Raps und R�bsen,2972299
1991,Winterraps,2933008
1991,Sommerraps. Winter- und Sommerr�bsen,39292
1991,K�rnersonnenblumen,0
1991,Raufutter,35483106
1991,Klee. Kleegras und Klee-Luzerne-Gemisch,2321799
1991,Luzerne,910906
1991,Feldgras/Grasanbau auf dem Ackerland,2012006
1991,Silomais (einschl. Lieschkolbenschrot),52067276
1991,Wiesen und M�hweiden,30238395
1991,Wiesen,18013098
1991,M�hweiden,12225297
1992,Getreide insgesamt (einschl. K�rnermais und CCM),34758462
1992,Getreide (ohne K�rnermais und CCM),32619431
1992,Brotgetreide,18014583
1992,Weizen,15541661
1992,Weichweizen,0
1992,Winterweizen,15195970
1992,Sommerweizen,276279
1992,Hartweizen (Durum),69412
1992,Roggen,2422466
1992,Wintermenggetreide,50456
1992,Futter- und Industriegetreide,14604848
1992,Gerste,12196452
1992,Wintergerste,8585470
1992,Sommergerste,3610982
1992,Hafer,1314113
1992,Sommermenggetreide,204044
1992,Triticale,890239
1992,K�rnermais (einschl. CCM),2139031
1992,Futtererbsen,73933
1992,Ackerbohnen,55796
1992,Lupinen,0
1992,Kartoffeln,10896995
1992,Fr�he Speisekartoffeln,650188
1992,Mittelfr�he und sp�te Kartoffeln,10246807
1992,Zuckerr�ben,27149872
1992,Runkelr�ben,4339216
1992,Raps und R�bsen,2616811
1992,Winterraps,2522659
1992,Sommerraps. Winter- und Sommerr�bsen,94152
1992,K�rnersonnenblumen,0
1992,Raufutter,34145194
1992,Klee. Kleegras und Klee-Luzerne-Gemisch,2126610
1992,Luzerne,592095
1992,Feldgras/Grasanbau auf dem Ackerland,1503771
1992,Silomais (einschl. Lieschkolbenschrot),49229364
1992,Wiesen und M�hweiden,29922718
1992,Wiesen,18311816
1992,M�hweiden,11610902
1993,Getreide insgesamt (einschl. K�rnermais und CCM),35547425
1993,Getreide (ohne K�rnermais und CCM),32890975
1993,Brotgetreide,18797066
1993,Weizen,15766533
1993,Weichweizen,15720342
1993,Winterweizen,15392859
1993,Sommerweizen,327483
1993,Hartweizen (Durum),46191
1993,Roggen,2983550
1993,Wintermenggetreide,46983
1993,Futter- und Industriegetreide,14093909
1993,Gerste,11005635
1993,Wintergerste,7499564
1993,Sommergerste,3406071
1993,Hafer,1730605
1993,Sommermenggetreide,210592
1993,Triticale,1147077
1993,K�rnermais (einschl. CCM),2656450
1993,Futtererbsen,133977
1993,Ackerbohnen,83197
1993,Lupinen,0
1993,Kartoffeln,12260248
1993,Fr�he Speisekartoffeln,659882
1993,Mittelfr�he und sp�te Kartoffeln,11600366
1993,Zuckerr�ben,28605780
1993,Runkelr�ben,3693618
1993,Raps und R�bsen,2847674
1993,Winterraps,2734896
1993,Sommerraps. Winter- und Sommerr�bsen,112778
1993,K�rnersonnenblumen,0
1993,Raufutter,37337871
1993,Klee. Kleegras und Klee-Luzerne-Gemisch,2267479
1993,Luzerne,636845
1993,Feldgras/Grasanbau auf dem Ackerland,2103101
1993,Silomais (einschl. Lieschkolbenschrot),59436081
1993,Wiesen und M�hweiden,32330446
1993,Wiesen,18878450
1993,M�hweiden,13451996
1994,Getreide insgesamt (einschl. K�rnermais und CCM),36328712
1994,Getreide (ohne K�rnermais und CCM),33882719
1994,Brotgetreide,19982750
1994,Weizen,16480510
1994,Weichweizen,16422408
1994,Winterweizen,16039732
1994,Sommerweizen,382676
1994,Hartweizen (Durum),58102
1994,Roggen,3450605
1994,Wintermenggetreide,51636
1994,Futter- und Industriegetreide,13899969
1994,Gerste,10902517
1994,Wintergerste,7534768
1994,Sommergerste,3367748
1994,Hafer,1663039
1994,Sommermenggetreide,209508
1994,Triticale,1124905
1994,K�rnermais (einschl. CCM),2445993
1994,Futtererbsen,151074
1994,Ackerbohnen,90680
1994,Lupinen,0
1994,Kartoffeln,9668572
1994,Fr�he Speisekartoffeln,517705
1994,Mittelfr�he und sp�te Kartoffeln,9150867
1994,Zuckerr�ben,24211265
1994,Runkelr�ben,2335511
1994,Raps und R�bsen,2895544
1994,Winterraps,2736894
1994,Sommerraps. Winter- und Sommerr�bsen,158650
1994,K�rnersonnenblumen,310623
1994,Raufutter,36963059
1994,Klee. Kleegras und Klee-Luzerne-Gemisch,2129160
1994,Luzerne,528510
1994,Feldgras/Grasanbau auf dem Ackerland,1836821
1994,Silomais (einschl. Lieschkolbenschrot),47693367
1994,Wiesen und M�hweiden,32468568
1994,Wiesen,17752980
1994,M�hweiden,14715588
1995,Getreide insgesamt (einschl. K�rnermais und CCM),39863872
1995,Getreide (ohne K�rnermais und CCM),37469307
1995,Brotgetreide,22335863
1995,Weizen,17763312
1995,Weichweizen,17725506
1995,Winterweizen,17512977
1995,Sommerweizen,212529
1995,Hartweizen (Durum),37805
1995,Roggen,4521270
1995,Wintermenggetreide,51281
1995,Futter- und Industriegetreide,15133444
1995,Gerste,11891143
1995,Wintergerste,9041771
1995,Sommergerste,2849372
1995,Hafer,1420431
1995,Sommermenggetreide,178707
1995,Triticale,1643162
1995,K�rnermais (einschl. CCM),2394565
1995,Futtererbsen,216435
1995,Ackerbohnen,86190
1995,Lupinen,0
1995,Kartoffeln,9898277
1995,Fr�he Speisekartoffeln,564451
1995,Mittelfr�he und sp�te Kartoffeln,9333826
1995,Zuckerr�ben,26048756
1995,Runkelr�ben,2168433
1995,Raps und R�bsen,3103295
1995,Winterraps,3024027
1995,Sommerraps. Winter- und Sommerr�bsen,79266
1995,K�rnersonnenblumen,111114
1995,Raufutter,37357347
1995,Klee. Kleegras und Klee-Luzerne-Gemisch,2143817
1995,Luzerne,428101
1995,Feldgras/Grasanbau auf dem Ackerland,1873568
1995,Silomais (einschl. Lieschkolbenschrot),49489572
1995,Wiesen und M�hweiden,32911861
1995,Wiesen,17248437
1995,M�hweiden,15663424
1996,Getreide insgesamt (einschl. K�rnermais und CCM),42135618
1996,Getreide (ohne K�rnermais und CCM),39222998
1996,Brotgetreide,23195609
1996,Weizen,18921683
1996,Weichweizen,18875006
1996,Winterweizen,18623208
1996,Sommerweizen,251798
1996,Hartweizen (Durum),46677
1996,Roggen,4213855
1996,Wintermenggetreide,60071
1996,Futter- und Industriegetreide,16027389
1996,Gerste,12074051
1996,Wintergerste,7925919
1996,Sommergerste,4148131
1996,Hafer,1605993
1996,Sommermenggetreide,219832
1996,Triticale,2127513
1996,K�rnermais (einschl. CCM),2912620
1996,Futtererbsen,300879
1996,Ackerbohnen,78254
1996,Lupinen,0
1996,Kartoffeln,13099568
1996,Fr�he Speisekartoffeln,645156
1996,Mittelfr�he und sp�te Kartoffeln,12454411
1996,Zuckerr�ben,26064135
1996,Runkelr�ben,1980302
1996,Raps und R�bsen,1969826
1996,Winterraps,1835676
1996,Sommerraps. Winter- und Sommerr�bsen,134149
1996,K�rnersonnenblumen,103228
1996,Raufutter,36598540
1996,Klee. Kleegras und Klee-Luzerne-Gemisch,2016186
1996,Luzerne,378104
1996,Feldgras/Grasanbau auf dem Ackerland,1807743
1996,Silomais (einschl. Lieschkolbenschrot),57657230
1996,Wiesen und M�hweiden,32396507
1996,Wiesen,16933286
1996,M�hweiden,15463221
1997,Getreide insgesamt (einschl. K�rnermais und CCM),45485681
1997,Getreide (ohne K�rnermais und CCM),42297325
1997,Brotgetreide,24471889
1997,Weizen,19826755
1997,Weichweizen,19793233
1997,Winterweizen,19429102
1997,Sommerweizen,364131
1997,Hartweizen (Durum),33522
1997,Roggen,4580140
1997,Wintermenggetreide,64995
1997,Futter- und Industriegetreide,17825435
1997,Gerste,13398820
1997,Wintergerste,9239151
1997,Sommergerste,4159669
1997,Hafer,1599010
1997,Sommermenggetreide,207074
1997,Triticale,2620531
1997,K�rnermais (einschl. CCM),3188356
1997,Futtererbsen,400440
1997,Ackerbohnen,91593
1997,Lupinen,0
1997,Kartoffeln,11659284
1997,Fr�he Speisekartoffeln,540558
1997,Mittelfr�he und sp�te Kartoffeln,11118726
1997,Zuckerr�ben,25768883
1997,Runkelr�ben,1660166
1997,Raps und R�bsen,2866510
1997,Winterraps,2759916
1997,Sommerraps. Winter- und Sommerr�bsen,106595
1997,K�rnersonnenblumen,84960
1997,Raufutter,37236418
1997,Klee. Kleegras und Klee-Luzerne-Gemisch,2029582
1997,Luzerne,320430
1997,Feldgras/Grasanbau auf dem Ackerland,1990191
1997,Silomais (einschl. Lieschkolbenschrot),56843632
1997,Wiesen und M�hweiden,32896215
1997,Wiesen,16895639
1997,M�hweiden,16000576
1998,Getreide insgesamt (einschl. K�rnermais und CCM),44574852
1998,Getreide (ohne K�rnermais und CCM),41793388
1998,Brotgetreide,25016529
1998,Weizen,20187491
1998,Weichweizen,20127530
1998,Winterweizen,19878113
1998,Sommerweizen,249417
1998,Hartweizen (Durum),59962
1998,Roggen,4774799
1998,Wintermenggetreide,54238
1998,Futter- und Industriegetreide,16776860
1998,Gerste,12512262
1998,Wintergerste,9203161
1998,Sommergerste,3309102
1998,Hafer,1279370
1998,Sommermenggetreide,171109
1998,Triticale,2814118
1998,K�rnermais (einschl. CCM),2781464
1998,Futtererbsen,589378
1998,Ackerbohnen,93575
1998,Lupinen,0
1998,Kartoffeln,11337580
1998,Fr�he Speisekartoffeln,477133
1998,Mittelfr�he und sp�te Kartoffeln,10860447
1998,Zuckerr�ben,26787164
1998,Runkelr�ben,1330933
1998,Raps und R�bsen,3387928
1998,Winterraps,3289612
1998,Sommerraps. Winter- und Sommerr�bsen,98315
1998,K�rnersonnenblumen,85399
1998,Raufutter,38949928
1998,Klee. Kleegras und Klee-Luzerne-Gemisch,1993097
1998,Luzerne,310898
1998,Feldgras/Grasanbau auf dem Ackerland,2032310
1998,Silomais (einschl. Lieschkolbenschrot),54327674
1998,Wiesen und M�hweiden,34613623
1998,Wiesen,17283037
1998,M�hweiden,17330586
1999,Getreide insgesamt (einschl. K�rnermais und CCM),44452029
1999,Getreide (ohne K�rnermais und CCM),41195113
1999,Brotgetreide,23991344
1999,Weizen,19615366
1999,Weichweizen,19550745
1999,Winterweizen,18649936
1999,Sommerweizen,900809
1999,Hartweizen (Durum),64621
1999,Roggen,4328712
1999,Wintermenggetreide,47266
1999,Futter- und Industriegetreide,17203768
1999,Gerste,13300984
1999,Wintergerste,9026119
1999,Sommergerste,4274865
1999,Hafer,1339205
1999,Sommermenggetreide,189666
1999,Triticale,2373914
1999,K�rnermais (einschl. CCM),3256916
1999,Futtererbsen,610039
1999,Ackerbohnen,95936
1999,Lupinen,0
1999,Kartoffeln,11568439
1999,Fr�he Speisekartoffeln,560656
1999,Mittelfr�he und sp�te Kartoffeln,11007782
1999,Zuckerr�ben,27568807
1999,Runkelr�ben,1039590
1999,Raps und R�bsen,4284600
1999,Winterraps,4180617
1999,Sommerraps. Winter- und Sommerr�bsen,103982
1999,K�rnersonnenblumen,83873
1999,Raufutter,37830069
1999,Klee. Kleegras und Klee-Luzerne-Gemisch,1857344
1999,Luzerne,268246
1999,Feldgras/Grasanbau auf dem Ackerland,1966835
1999,Silomais (einschl. Lieschkolbenschrot),52433717
1999,Wiesen und M�hweiden,33737644
1999,Wiesen,16980169
1999,M�hweiden,16757475
2000,Getreide insgesamt (einschl. K�rnermais und CCM),45271235
2000,Getreide (ohne K�rnermais und CCM),41947216
2000,Brotgetreide,25829675
2000,Weizen,21621548
2000,Weichweizen,21578107
2000,Winterweizen,21324674
2000,Sommerweizen,253433
2000,Hartweizen (Durum),43441
2000,Roggen,4154095
2000,Wintermenggetreide,54032
2000,Futter- und Industriegetreide,16117541
2000,Gerste,12105820
2000,Wintergerste,9232088
2000,Sommergerste,2873731
2000,Hafer,1087222
2000,Sommermenggetreide,124694
2000,Triticale,2799805
2000,K�rnermais (einschl. CCM),3324018
2000,Futtererbsen,408899
2000,Ackerbohnen,61740
2000,Lupinen,0
2000,Kartoffeln,13192951
2000,Fr�he Speisekartoffeln,558783
2000,Mittelfr�he und sp�te Kartoffeln,12634168
2000,Zuckerr�ben,27870100
2000,Runkelr�ben,959083
2000,Raps und R�bsen,3585661
2000,Winterraps,3526934
2000,Sommerraps. Winter- und Sommerr�bsen,58728
2000,K�rnersonnenblumen,63861
2000,Raufutter,38921416
2000,Klee. Kleegras und Klee-Luzerne-Gemisch,1689830
2000,Luzerne,251575
2000,Feldgras/Grasanbau auf dem Ackerland,1909840
2000,Silomais (einschl. Lieschkolbenschrot),52006421
2000,Wiesen und M�hweiden,35070172
2000,Wiesen,16578388
2000,M�hweiden,18491784
2001,Getreide insgesamt (einschl. K�rnermais und CCM),49709326
2001,Getreide (ohne K�rnermais und CCM),46204812
2001,Brotgetreide,28021655
2001,Weizen,22837837
2001,Weichweizen,22813999
2001,Winterweizen,22565591
2001,Sommerweizen,248408
2001,Hartweizen (Durum),23838
2001,Roggen,5132349
2001,Wintermenggetreide,51469
2001,Futter- und Industriegetreide,18183157
2001,Gerste,13494587
2001,Wintergerste,10440976
2001,Sommergerste,3053611
2001,Hafer,1151033
2001,Sommermenggetreide,118645
2001,Triticale,3418892
2001,K�rnermais (einschl. CCM),3504514
2001,Futtererbsen,559633
2001,Ackerbohnen,80808
2001,Lupinen,0
2001,Kartoffeln,11502844
2001,Fr�he Speisekartoffeln,468410
2001,Mittelfr�he und sp�te Kartoffeln,11034434
2001,Zuckerr�ben,24729921
2001,Runkelr�ben,760431
2001,Raps und R�bsen,4160093
2001,Winterraps,4112376
2001,Sommerraps. Winter- und Sommerr�bsen,47719
2001,K�rnersonnenblumen,54370
2001,Raufutter,38303076
2001,Klee. Kleegras und Klee-Luzerne-Gemisch,1615804
2001,Luzerne,232701
2001,Feldgras/Grasanbau auf dem Ackerland,1922675
2001,Silomais (einschl. Lieschkolbenschrot),50196867
2001,Wiesen und M�hweiden,34531897
2001,Wiesen,16171227
2001,M�hweiden,18360670
2002,Getreide insgesamt (einschl. K�rnermais und CCM),43391325
2002,Getreide (ohne K�rnermais und CCM),39652877
2002,Brotgetreide,24534305
2002,Weizen,20817740
2002,Weichweizen,20791984
2002,Winterweizen,20543318
2002,Sommerweizen,248666
2002,Hartweizen (Durum),25756
2002,Roggen,3665996
2002,Wintermenggetreide,50569
2002,Futter- und Industriegetreide,15118572
2002,Gerste,10927970
2002,Wintergerste,8264564
2002,Sommergerste,2663405
2002,Hafer,1015851
2002,Sommermenggetreide,106456
2002,Triticale,3068295
2002,K�rnermais (einschl. CCM),3738448
2002,Futtererbsen,413227
2002,Ackerbohnen,64656
2002,Lupinen,0
2002,Kartoffeln,11113856
2002,Fr�he Speisekartoffeln,485581
2002,Mittelfr�he und sp�te Kartoffeln,10628275
2002,Zuckerr�ben,26794334
2002,Runkelr�ben,721202
2002,Raps und R�bsen,3848696
2002,Winterraps,3811141
2002,Sommerraps. Winter- und Sommerr�bsen,37555
2002,K�rnersonnenblumen,51849
2002,Raufutter,38443204
2002,Klee. Kleegras und Klee-Luzerne-Gemisch,1579954
2002,Luzerne,221511
2002,Feldgras/Grasanbau auf dem Ackerland,1788782
2002,Silomais (einschl. Lieschkolbenschrot),50864068
2002,Wiesen und M�hweiden,34852956
2002,Wiesen,16244709
2002,M�hweiden,18608247
2003,Getreide insgesamt (einschl. K�rnermais und CCM),39426039
2003,Getreide (ohne K�rnermais und CCM),36004397
2003,Brotgetreide,21590214
2003,Weizen,19259811
2003,Weichweizen,19225112
2003,Winterweizen,18566288
2003,Sommerweizen,658824
2003,Hartweizen (Durum),34699
2003,Roggen,2277416
2003,Wintermenggetreide,52987
2003,Futter- und Industriegetreide,14414183
2003,Gerste,10595573
2003,Wintergerste,6978627
2003,Sommergerste,3616946
2003,Hafer,1201647
2003,Sommermenggetreide,136598
2003,Triticale,2480365
2003,K�rnermais (einschl. CCM),3421642
2003,Futtererbsen,391739
2003,Ackerbohnen,60848
2003,Lupinen,0
2003,Kartoffeln,9915679
2003,Fr�he Speisekartoffeln,453095
2003,Mittelfr�he und sp�te Kartoffeln,9462584
2003,Zuckerr�ben,23715735
2003,Runkelr�ben,487078
2003,Raps und R�bsen,3633936
2003,Winterraps,3556107
2003,Sommerraps. Winter- und Sommerr�bsen,77828
2003,K�rnersonnenblumen,73403
2003,Raufutter,28781265
2003,Klee. Kleegras und Klee-Luzerne-Gemisch,1075433
2003,Luzerne,145710
2003,Feldgras/Grasanbau auf dem Ackerland,1272558
2003,Silomais (einschl. Lieschkolbenschrot),44562062
2003,Wiesen und M�hweiden,26287565
2003,Wiesen,11831592
2003,M�hweiden,14455972
2004,Getreide insgesamt (einschl. K�rnermais und CCM),51097001
2004,Getreide (ohne K�rnermais und CCM),46897144
2004,Brotgetreide,29315452
2004,Weizen,25427210
2004,Weichweizen,25377117
2004,Winterweizen,25088446
2004,Sommerweizen,288671
2004,Hartweizen (Durum),50093
2004,Roggen,3829957
2004,Wintermenggetreide,58284
2004,Futter- und Industriegetreide,17581692
2004,Gerste,12992870
2004,Wintergerste,9635701
2004,Sommergerste,3357169
2004,Hafer,1185792
2004,Sommermenggetreide,113250
2004,Triticale,3289780
2004,K�rnermais (einschl. CCM),4199857
2004,Futtererbsen,464212
2004,Ackerbohnen,64097
2004,Lupinen,0
2004,Kartoffeln,13043559
2004,Fr�he Speisekartoffeln,513878
2004,Mittelfr�he und sp�te Kartoffeln,12529681
2004,Zuckerr�ben,27158966
2004,Runkelr�ben,0
2004,Raps und R�bsen,5276589
2004,Winterraps,5236922
2004,Sommerraps. Winter- und Sommerr�bsen,39668
2004,K�rnersonnenblumen,69652
2004,Raufutter,37280428
2004,Klee. Kleegras und Klee-Luzerne-Gemisch,1572553
2004,Luzerne,216908
2004,Feldgras/Grasanbau auf dem Ackerland,1896089
2004,Silomais (einschl. Lieschkolbenschrot),54802806
2004,Wiesen und M�hweiden,33594879
2004,Wiesen,14952918
2004,M�hweiden,18641961
2005,Getreide insgesamt (einschl. K�rnermais und CCM),45980200
2005,Getreide (ohne K�rnermais und CCM),41897500
2005,Brotgetreide,26534800
2005,Weizen,23692700
2005,Weichweizen,23641900
2005,Winterweizen,23349400
2005,Sommerweizen,292500
2005,Hartweizen (Durum),50800
2005,Roggen,2793500
2005,Wintermenggetreide,48500
2005,Futter- und Industriegetreide,15362700
2005,Gerste,11613800
2005,Wintergerste,8819100
2005,Sommergerste,2794700
2005,Hafer,963600
2005,Sommermenggetreide,109500
2005,Triticale,2675900
2005,K�rnermais (einschl. CCM),4082700
2005,Futtererbsen,346300
2005,Ackerbohnen,59600
2005,Lupinen,0
2005,Kartoffeln,11624200
2005,Fr�he Speisekartoffeln,476900
2005,Mittelfr�he und sp�te Kartoffeln,11147400
2005,Zuckerr�ben,25284700
2005,Runkelr�ben,0
2005,Raps und R�bsen,5051700
2005,Winterraps,5005000
2005,Sommerraps. Winter- und Sommerr�bsen,46700
2005,K�rnersonnenblumen,67100
2005,Raufutter,39087900
2005,Klee. Kleegras und Klee-Luzerne-Gemisch,1737800
2005,Luzerne,268700
2005,Feldgras/Grasanbau auf dem Ackerland,2405700
2005,Silomais (einschl. Lieschkolbenschrot),57479300
2005,Wiesen und M�hweiden,34675600
2005,Wiesen,15444500
2005,M�hweiden,19231200
2006,Getreide insgesamt (einschl. K�rnermais und CCM),43474800
2006,Getreide (ohne K�rnermais und CCM),40254500
2006,Brotgetreide,25118700
2006,Weizen,22427900
2006,Weichweizen,22365900
2006,Winterweizen,22128100
2006,Sommerweizen,237900
2006,Hartweizen (Durum),62000
2006,Roggen,2643700
2006,Wintermenggetreide,47000
2006,Futter- und Industriegetreide,15135800
2006,Gerste,11966600
2006,Wintergerste,9451200
2006,Sommergerste,2515400
2006,Hafer,829900
2006,Sommermenggetreide,102300
2006,Triticale,2237100
2006,K�rnermais (einschl. CCM),3220300
2006,Futtererbsen,287700
2006,Ackerbohnen,49100
2006,Lupinen,0
2006,Kartoffeln,10030600
2006,Fr�he Speisekartoffeln,446800
2006,Mittelfr�he und sp�te Kartoffeln,9583800
2006,Zuckerr�ben,20646600
2006,Runkelr�ben,0
2006,Raps und R�bsen,5336500
2006,Winterraps,5296900
2006,Sommerraps. Winter- und Sommerr�bsen,39600
2006,K�rnersonnenblumen,61900
2006,Raufutter,36286500
2006,Klee. Kleegras und Klee-Luzerne-Gemisch,1753900
2006,Luzerne,268800
2006,Feldgras/Grasanbau auf dem Ackerland,2321000
2006,Silomais (einschl. Lieschkolbenschrot),53112100
2006,Wiesen und M�hweiden,31942800
2006,Wiesen,14583900
2006,M�hweiden,17358900
2007,Getreide insgesamt (einschl. K�rnermais und CCM),40632149
2007,Getreide (ohne K�rnermais und CCM),36822829
2007,Brotgetreide,23572641
2007,Weizen,20828077
2007,Weichweizen,20790110
2007,Winterweizen,20639227
2007,Sommerweizen,150883
2007,Hartweizen (Durum),37966
2007,Roggen,2698282
2007,Wintermenggetreide,46283
2007,Futter- und Industriegetreide,13250188
2007,Gerste,10384218
2007,Wintergerste,8279666
2007,Sommergerste,2104552
2007,Hafer,727926
2007,Sommermenggetreide,76573
2007,Triticale,2061470
2007,K�rnermais (einschl. CCM),3809320
2007,Futtererbsen,177487
2007,Ackerbohnen,43147
2007,Lupinen,0
2007,Kartoffeln,11643769
2007,Fr�he Speisekartoffeln,514035
2007,Mittelfr�he und sp�te Kartoffeln,11129733
2007,Zuckerr�ben,25139137
2007,Runkelr�ben,0
2007,Raps und R�bsen,5320518
2007,Winterraps,5301097
2007,Sommerraps. Winter- und Sommerr�bsen,19420
2007,K�rnersonnenblumen,50862
2007,Raufutter,39032554
2007,Klee. Kleegras und Klee-Luzerne-Gemisch,1846819
2007,Luzerne,325882
2007,Feldgras/Grasanbau auf dem Ackerland,2806134
2007,Silomais (einschl. Lieschkolbenschrot),69199057
2007,Wiesen und M�hweiden,34053719
2007,Wiesen,15165623
2007,M�hweiden,18888095
2008,Getreide insgesamt (einschl. K�rnermais und CCM),50104900
2008,Getreide (ohne K�rnermais und CCM),44999000
2008,Brotgetreide,29786200
2008,Weizen,25988600
2008,Weichweizen,25949800
2008,Winterweizen,25710300
2008,Sommerweizen,239500
2008,Hartweizen (Durum),38700
2008,Roggen,3744200
2008,Wintermenggetreide,53400
2008,Futter- und Industriegetreide,15212800
2008,Gerste,11967100
2008,Wintergerste,9369400
2008,Sommergerste,2597700
2008,Hafer,793200
2008,Sommermenggetreide,71100
2008,Triticale,2381500
2008,K�rnermais (einschl. CCM),5105900
2008,Futtererbsen,140600
2008,Ackerbohnen,38400
2008,Lupinen,0
2008,Kartoffeln,11369000
2008,Fr�he Speisekartoffeln,457500
2008,Mittelfr�he und sp�te Kartoffeln,10911400
2008,Zuckerr�ben,23002600
2008,Runkelr�ben,0
2008,Raps und R�bsen,5154700
2008,Winterraps,5138000
2008,Sommerraps. Winter- und Sommerr�bsen,16700
2008,K�rnersonnenblumen,48900
2008,Raufutter,37248400
2008,Klee. Kleegras und Klee-Luzerne-Gemisch,1704000
2008,Luzerne,287600
2008,Feldgras/Grasanbau auf dem Ackerland,3168600
2008,Silomais (einschl. Lieschkolbenschrot),70950300
2008,Wiesen und M�hweiden,32088200
2008,Wiesen,13793900
2008,M�hweiden,18294300
2009,Getreide insgesamt (einschl. K�rnermais und CCM),49748200
2009,Getreide (ohne K�rnermais und CCM),45221000
2009,Brotgetreide,29515200
2009,Weizen,25190300
2009,Weichweizen,25125400
2009,Winterweizen,24916500
2009,Sommerweizen,208900
2009,Hartweizen (Durum),64900
2009,Roggen,4270000
2009,Wintermenggetreide,54800
2009,Futter- und Industriegetreide,15705800
2009,Gerste,12288100
2009,Wintergerste,10082700
2009,Sommergerste,2205400
2009,Hafer,825600
2009,Sommermenggetreide,77700
2009,Triticale,2514400
2009,K�rnermais (einschl. CCM),4527200
2009,Futtererbsen,165900
2009,Ackerbohnen,47500
2009,Lupinen,0
2009,Kartoffeln,11683100
2009,Fr�he Speisekartoffeln,495700
2009,Mittelfr�he und sp�te Kartoffeln,11187400
2009,Zuckerr�ben,25919000
2009,Runkelr�ben,0
2009,Raps und R�bsen,6306700
2009,Winterraps,6288800
2009,Sommerraps. Winter- und Sommerr�bsen,17900
2009,K�rnersonnenblumen,56900
2009,Raufutter,37541800
2009,Klee. Kleegras und Klee-Luzerne-Gemisch,1807700
2009,Luzerne,319800
2009,Feldgras/Grasanbau auf dem Ackerland,3100600
2009,Silomais (einschl. Lieschkolbenschrot),73553400
2009,Wiesen und M�hweiden,32313700
2009,Wiesen,14287700
2009,M�hweiden,18026000
